Abílio Santana ,dep.abiliosantana@camara.leg.br,Exmo. Senhor Deputado,@AbilioSantana_
Abou Anni ,dep.abouanni@camara.leg.br,Exmo. Senhor Deputado,
Acácio Favacho ,dep.acaciofavacho@camara.leg.br,Exmo. Senhor Deputado,@AcacioFavacho
Adolfo Viana ,dep.adolfoviana@camara.leg.br,Exmo. Senhor Deputado,@AdolfoViana_
Adriana Ventura ,dep.adrianaventura@camara.leg.br,Exma. Senhora Deputada,@adrianasounovo
Adriano do Baldy ,dep.adrianodobaldy@camara.leg.br,Exmo. Senhor Deputado,@adrianodobaldy
Aécio Neves ,dep.aecioneves@camara.leg.br,Exmo. Senhor Deputado,@AecioNeves
Afonso Florence ,dep.afonsoflorence@camara.leg.br,Exmo. Senhor Deputado,@AfonsoFlorence
Afonso Hamm ,dep.afonsohamm@camara.leg.br,Exmo. Senhor Deputado,@DepAfonsoHamm
Afonso Motta ,dep.afonsomotta@camara.leg.br,Exmo. Senhor Deputado,@afonso_motta
Aguinaldo Ribeiro ,dep.aguinaldoribeiro@camara.leg.br,Exmo. Senhor Deputado,@depaguinaldo11
Airton Faleiro ,dep.airtonfaleiro@camara.leg.br,Exmo. Senhor Deputado,@FaleiroAirton
AJ Albuquerque,dep.ajalbuquerque@camara.leg.br,Exmo. Senhor Deputado,
Alan Rick ,dep.alanrick@camara.leg.br,Exmo. Senhor Deputado,@Alan_Rick
Alceu Moreira ,dep.alceumoreira@camara.leg.br,Exmo. Senhor Deputado,@Alceu_Moreira
Alcides Rodrigues ,dep.alcidesrodrigues@camara.leg.br,Exmo. Senhor Deputado,
Alê Silva ,dep.alesilva@camara.leg.br,Exma. Senhora Deputada,@oficialalesilva
Alencar Santana Braga ,dep.alencarsantanabraga@camara.leg.br,Exmo. Senhor Deputado,@AlencarBraga13
Alessandro Molon ,dep.alessandromolon@camara.leg.br,Exmo. Senhor Deputado,@alessandromolon
Alex Manente ,dep.alexmanente@camara.leg.br,Exmo. Senhor Deputado,@AlexManentePPS
Alex Santana ,dep.alexsantana@camara.leg.br,Exmo. Senhor Deputado,@depalexsantana
Alexandre Frota ,dep.alexandrefrota@camara.leg.br,Exmo. Senhor Deputado,@alefrotabrasil
Alexandre Leite ,dep.alexandreleite@camara.leg.br,Exmo. Senhor Deputado,@lexandreleite
Alexandre Padilha ,dep.alexandrepadilha@camara.leg.br,Exmo. Senhor Deputado,@padilhando
Alexandre Serfiotis ,dep.alexandreserfiotis@camara.leg.br,Exmo. Senhor Deputado,@AleSerfiotis
Alexis Fonteyne ,dep.alexisfonteyne@camara.leg.br,Exmo. Senhor Deputado,@AlexisFonteyne
Alice Portugal ,dep.aliceportugal@camara.leg.br,Exma. Senhora Deputada,@Alice_Portugal
Aliel Machado ,dep.alielmachado@camara.leg.br,Exmo. Senhor Deputado,@alielmachado
Aline Gurgel ,dep.alinegurgel@camara.leg.br,Exma. Senhora Deputada,@dep_alinegurgel
Aline Sleutjes ,dep.alinesleutjes@camara.leg.br,Exma. Senhora Deputada,@AlineSleutjes
Aluisio Mendes ,dep.aluisiomendes@camara.leg.br,Exmo. Senhor Deputado,@AluisioMendesMA
Amaro Neto ,dep.amaroneto@camara.leg.br,Exmo. Senhor Deputado,@amaronetotv
André Abdon ,dep.andreabdon@camara.leg.br,Exmo. Senhor Deputado,
André de Paula ,dep.andredepaula@camara.leg.br,Exmo. Senhor Deputado,
André Ferreira ,dep.andreferreira@camara.leg.br,Exmo. Senhor Deputado,
André Figueiredo ,dep.andrefigueiredo@camara.leg.br,Exmo. Senhor Deputado,@andrepdt12
André Fufuca ,dep.andrefufuca@camara.leg.br,Exmo. Senhor Deputado,@DepAndreFufuca
André Janones ,dep.andrejanones@camara.leg.br,Exmo. Senhor Deputado,@AndreJanonesAdv
Angela Amin ,dep.angelaamin@camara.leg.br,Exma. Senhora Deputada,@DeputadaAngela
Antonio Brito ,dep.antoniobrito@camara.leg.br,Exmo. Senhor Deputado,
Arlindo Chinaglia ,dep.arlindochinaglia@camara.leg.br,Exmo. Senhor Deputado,@achinaglia
Arnaldo Jardim ,dep.arnaldojardim@camara.leg.br,Exmo. Senhor Deputado,@ArnaldoJardim
Aroldo Martins ,dep.aroldomartins@camara.leg.br,Exmo. Senhor Deputado,@aroldomartins
Arthur Lira ,dep.arthurlira@camara.leg.br,Exmo. Senhor Deputado,@ArthurLira_
Arthur Oliveira Maia ,dep.arthuroliveiramaia@camara.leg.br,Exmo. Senhor Deputado,@DepArthurMaia
Átila Lins ,dep.atilalins@camara.leg.br,Exmo. Senhor Deputado,
Átila Lira ,dep.atilalira@camara.leg.br,Exmo. Senhor Deputado,@deputadoatila
Augusto Coutinho ,dep.augustocoutinho@camara.leg.br,Exmo. Senhor Deputado,@dep_acoutinho
Áurea Carolina ,dep.aureacarolina@camara.leg.br,Exma. Senhora Deputada,@aureacarolinax
Aureo Ribeiro ,dep.aureoribeiro@camara.leg.br,Exmo. Senhor Deputado,@AureoRibeiroRJ
Bacelar ,dep.bacelar@camara.leg.br,Exmo. Senhor Deputado,@DeputadoBacelar
Baleia Rossi ,dep.baleiarossi@camara.leg.br,Exmo. Senhor Deputado,@Baleia_Rossi
Benedita da Silva ,dep.beneditadasilva@camara.leg.br,Exma. Senhora Deputada,@dasilvabenedita
Benes Leocádio ,dep.benesleocadio@camara.leg.br,Exmo. Senhor Deputado,@benesleocadiorn
Beto Faro ,dep.betofaro@camara.leg.br,Exmo. Senhor Deputado,@BetoFaroPT
Beto Pereira ,dep.betopereira@camara.leg.br,Exmo. Senhor Deputado,@betopereirams
Beto Rosado ,dep.betorosado@camara.leg.br,Exmo. Senhor Deputado,@BetoRosado
Bia Cavassa ,dep.biacavassa@camara.leg.br,Exma. Senhora Deputada,@BiaCavassa
Bia Kicis ,dep.biakicis@camara.leg.br,Exma. Senhora Deputada,@Biakicis
Bibo Nunes ,dep.bibonunes@camara.leg.br,Exmo. Senhor Deputado,@bibonunes1
Bilac Pinto ,dep.bilacpinto@camara.leg.br,Exmo. Senhor Deputado,@bilac_pinto
Bira do Pindaré ,dep.biradopindare@camara.leg.br,Exmo. Senhor Deputado,@BiradoPindare
Boca Aberta ,dep.bocaaberta@camara.leg.br,Exmo. Senhor Deputado,@BocaAbertaOf
Bohn Gass ,dep.bohngass@camara.leg.br,Exmo. Senhor Deputado,@BohnGass
Bosco Costa ,dep.boscocosta@camara.leg.br,Exmo. Senhor Deputado,@BoscoCosta_SE
Bosco Saraiva ,dep.boscosaraiva@camara.leg.br,Exmo. Senhor Deputado,@boscosaraiva
Bozzella,dep.bozzella@camara.leg.br,Exmo. Senhor Deputado,
Bruna Furlan ,dep.brunafurlan@camara.leg.br,Exma. Senhora Deputada,@DepBrunaFurlan
Cacá Leão ,dep.cacaleao@camara.leg.br,Exmo. Senhor Deputado,@CacaLeao
Camilo Capiberibe ,dep.camilocapiberibe@camara.leg.br,Exmo. Senhor Deputado,@CamiloPSB
Capitão Alberto Neto ,dep.capitaoalbertoneto@camara.leg.br,Exmo. Senhor Deputado,@capalbertoneto
Capitão Augusto ,dep.capitaoaugusto@camara.leg.br,Exmo. Senhor Deputado,@capitao_augusto
Capitão Fábio Abreu ,dep.capitaofabioabreu@camara.leg.br,Exmo. Senhor Deputado,
Carla Dickson,dep.carladickson@camara.leg.br,Exma. Senhora Deputada,
Carla Zambelli ,dep.carlazambelli@camara.leg.br,Exma. Senhora Deputada,@CarlaZambelli17
Carlos Bezerra ,dep.carlosbezerra@camara.leg.br,Exmo. Senhor Deputado,
Carlos Chiodini ,dep.carloschiodini@camara.leg.br,Exmo. Senhor Deputado,@carloschiodini
Carlos Gomes ,dep.carlosgomes@camara.leg.br,Exmo. Senhor Deputado,@Carlos_Gaguim
Carlos Henrique Gaguim ,dep.carloshenriquegaguim@camara.leg.br,Exmo. Senhor Deputado,@carlosgomesdep
Carlos Jordy ,dep.carlosjordy@camara.leg.br,Exmo. Senhor Deputado,@carlosjordy
Carlos Sampaio ,dep.carlossampaio@camara.leg.br,Exmo. Senhor Deputado,@carlossampaio_
Carlos Veras ,dep.carlosveras@camara.leg.br,Exmo. Senhor Deputado,@carlosveraspt
Carlos Zarattini ,dep.carloszarattini@camara.leg.br,Exmo. Senhor Deputado,@CarlosZarattini
Carmen Zanotto ,dep.carmenzanotto@camara.leg.br,Exma. Senhora Deputada,@carmenzanotto
Caroline de Toni ,dep.carolinedetoni@camara.leg.br,Exma. Senhora Deputada,@CarolDeToni
Cássio Andrade ,dep.cassioandrade@camara.leg.br,Exmo. Senhor Deputado,@Cassio_4011
Célio Moura ,dep.celiomoura@camara.leg.br,Exmo. Senhor Deputado,@CelioMouraTO
Célio Silveira ,dep.celiosilveira@camara.leg.br,Exmo. Senhor Deputado,@csilveira4599
Célio Studart ,dep.celiostudart@camara.leg.br,Exmo. Senhor Deputado,@CelioStudart
Celso Maldaner ,dep.celsomaldaner@camara.leg.br,Exmo. Senhor Deputado,@maldaner_celso
Celso Russomanno ,dep.celsorussomanno@camara.leg.br,Exmo. Senhor Deputado,@celsorussomanno
Celso Sabino ,dep.celsosabino@camara.leg.br,Exmo. Senhor Deputado,@depcelsosabino
Cezinha de Madureira ,dep.cezinhademadureira@camara.leg.br,Exmo. Senhor Deputado,@Czmadureira
Charles Fernandes ,dep.charlesfernandes@camara.leg.br,Exmo. Senhor Deputado,@Charles_Federal
Charlles Evangelista ,dep.charllesevangelista@camara.leg.br,Exmo. Senhor Deputado,@charllesevg
Chico D'Angelo ,dep.chicodangelo@camara.leg.br,Exmo. Senhor Deputado,@chico_dangelo
Chiquinho Brazão ,dep.chiquinhobrazao@camara.leg.br,Exmo. Senhor Deputado,@BrazaoChiquinho
Chris Tonietto ,dep.christonietto@camara.leg.br,Exma. Senhora Deputada,@ToniettoChris
Christiane de Souza Yared ,dep.christianedesouzayared@camara.leg.br,Exma. Senhora Deputada,@ChristianeYared
Christino Aureo ,dep.christinoaureo@camara.leg.br,Exmo. Senhor Deputado,@christinoaureo
Clarissa Garotinho ,dep.clarissagarotinho@camara.leg.br,Exma. Senhora Deputada,@dep_clarissa
Claudio Cajado ,dep.claudiocajado@camara.leg.br,Exmo. Senhor Deputado,@deputadocajado
Cleber Verde ,dep.cleberverde@camara.leg.br,Exmo. Senhor Deputado,@CleberVerde10
Coronel Armando ,dep.coronelarmando@camara.leg.br,Exmo. Senhor Deputado,@dep_cel_armando
Coronel Chrisóstomo ,dep.coronelchrisostomo@camara.leg.br,Exmo. Senhor Deputado,
Coronel Tadeu ,dep.coroneltadeu@camara.leg.br,Exmo. Senhor Deputado,@CoronelTadeu
Cristiano Vale ,dep.cristianovale@camara.leg.br,Exmo. Senhor Deputado,
Da Vitoria ,dep.davitoria@camara.leg.br,Exmo. Senhor Deputado,@josiasdavitoria
Dagoberto Nogueira ,dep.dagobertonogueira@camara.leg.br,Exmo. Senhor Deputado,@dagobertopdt
Damião Feliciano ,dep.damiaofeliciano@camara.leg.br,Exmo. Senhor Deputado,@Drdamiaof
Daniel Almeida ,dep.danielalmeida@camara.leg.br,Exmo. Senhor Deputado,@Daniel_PCdoB
Daniel Coelho ,dep.danielcoelho@camara.leg.br,Exmo. Senhor Deputado,@DanielCoelho23
Daniel Freitas ,dep.danielfreitas@camara.leg.br,Exmo. Senhor Deputado,@DFDanielFreitas
Daniel Silveira ,dep.danielsilveira@camara.leg.br,Exmo. Senhor Deputado,@DanielPMERJ
Daniel Trzeciak ,dep.danieltrzeciak@camara.leg.br,Exmo. Senhor Deputado,@TrzeciakDaniel
Daniela do Waguinho ,dep.danieladowaguinho@camara.leg.br,Exma. Senhora Deputada,@DanielaWaguinho
Danilo Cabral ,dep.danilocabral@camara.leg.br,Exmo. Senhor Deputado,@danilo4010
Danilo Forte,dep.daniloforte@camara.leg.br,Exmo. Senhor Deputado,
Danrlei de Deus Hinterholz ,dep.danrleidedeushinterholz@camara.leg.br,Exmo. Senhor Deputado,
David Miranda ,dep.davidmiranda@camara.leg.br,Exmo. Senhor Deputado,@davidmirandario
David Soares ,dep.davidsoares@camara.leg.br,Exmo. Senhor Deputado,@davidbrsoares
Delegado Antônio Furtado ,dep.delegadoantoniofurtado@camara.leg.br,Exmo. Senhor Deputado,@DelegadoFurtado
Delegado Éder Mauro ,dep.delegadoedermauro@camara.leg.br,Exmo. Senhor Deputado,@EderMauroPA
Delegado Marcelo Freitas ,dep.delegadomarcelofreitas@camara.leg.br,Exmo. Senhor Deputado,@DelegadoFreitas
Delegado Pablo ,dep.delegadopablo@camara.leg.br,Exmo. Senhor Deputado,@DelegadoPablo_
Delegado Waldir ,dep.delegadowaldir@camara.leg.br,Exmo. Senhor Deputado,@delegado_waldir
Denis Bezerra ,dep.denisbezerra@camara.leg.br,Exmo. Senhor Deputado,@denisbezerra
Deuzinho Filho,dep.deuzinhofilho@camara.leg.br,Exmo. Senhor Deputado,
Diego Andrade ,dep.diegoandrade@camara.leg.br,Exmo. Senhor Deputado,
Diego Garcia ,dep.diegogarcia@camara.leg.br,Exmo. Senhor Deputado,@diegogarciapr
Dimas Fabiano ,dep.dimasfabiano@camara.leg.br,Exmo. Senhor Deputado,@depdimasfabiano
Domingos Sávio ,dep.domingossavio@camara.leg.br,Exmo. Senhor Deputado,@DomingosSavioMG
Dr. Agripino Magalhães,dep.dr.agripinomagalhaes@camara.leg.br,Exmo. Senhor Deputado,
Dr. Frederico ,dep.dr.frederico@camara.leg.br,Exmo. Senhor Deputado,@DrFredericoMG
Dr. Jaziel ,dep.dr.jaziel@camara.leg.br,Exmo. Senhor Deputado,
Dr. João,dep.dr.joao@camara.leg.br,Exmo. Senhor Deputado,
Dr. Leonardo ,dep.dr.leonardo@camara.leg.br,Exmo. Senhor Deputado,@DrLeonardomt
Dr. Luiz Antonio Teixeira Jr. ,dep.dr.luizantonioteixeirajr@camara.leg.br,Exmo. Senhor Deputado,
Dr. Luiz Ovando ,dep.dr.luizovando@camara.leg.br,Exmo. Senhor Deputado,
Dr. Sinval Malheiros,dep.dr.sinvalmalheiros@camara.leg.br,Exmo. Senhor Deputado,@SinvalMalheiros
Dr. Zacharias Calil ,dep.dr.zachariascalil@camara.leg.br,Exmo. Senhor Deputado,
Dra. Soraya Manato ,dep.dra.sorayamanato@camara.leg.br,Exma. Senhora Deputada,@DraManato
Dra. Vanda Milani ,dep.dra.vandamilani@camara.leg.br,Exma. Senhora Deputada,
Dulce Miranda ,dep.dulcemiranda@camara.leg.br,Exma. Senhora Deputada,@dulcemiranda_to
Edilázio Júnior ,dep.edilaziojunior@camara.leg.br,Exmo. Senhor Deputado,@EdilazioJunior_
Edio Lopes ,dep.ediolopes@camara.leg.br,Exmo. Senhor Deputado,@ediolopes
Edmilson Rodrigues ,dep.edmilsonrodrigues@camara.leg.br,Exmo. Senhor Deputado,@EdmilsonPSOL
Edna Henrique ,dep.ednahenrique@camara.leg.br,Exma. Senhora Deputada,
Eduardo Barbosa ,dep.eduardobarbosa@camara.leg.br,Exmo. Senhor Deputado,@eduardobarbosa_
Eduardo Bismarck ,dep.eduardobismarck@camara.leg.br,Exmo. Senhor Deputado,@eduardobismarck
Eduardo Bolsonaro ,dep.eduardobolsonaro@camara.leg.br,Exmo. Senhor Deputado,@BolsonaroSP
Eduardo Braide ,dep.eduardobraide@camara.leg.br,Exmo. Senhor Deputado,@EduardoBraide
Eduardo Costa ,dep.eduardocosta@camara.leg.br,Exmo. Senhor Deputado,@eduardocosta14
Eduardo Cury ,dep.eduardocury@camara.leg.br,Exmo. Senhor Deputado,@Eduardo_Cury
Eduardo da Fonte ,dep.eduardodafonte@camara.leg.br,Exmo. Senhor Deputado,@eduardodafonte
Efraim Filho ,dep.efraimfilho@camara.leg.br,Exmo. Senhor Deputado,@efraimfilho
Elcione Barbalho ,dep.elcionebarbalho@camara.leg.br,Exma. Senhora Deputada,@elcionepmdb
Eli Borges ,dep.eliborges@camara.leg.br,Exmo. Senhor Deputado,@elidiasborges
Eli Corrêa Filho ,dep.elicorreafilho@camara.leg.br,Exmo. Senhor Deputado,
Elias Vaz ,dep.eliasvaz@camara.leg.br,Exmo. Senhor Deputado,@EliasVazGyn
Elmar Nascimento ,dep.elmarnascimento@camara.leg.br,Exmo. Senhor Deputado,@ElmarNascimento
Emanuel Pinheiro Neto ,dep.emanuelpinheironeto@camara.leg.br,Exmo. Senhor Deputado,@emanuelzinhomt
Emidinho Madeira ,dep.emidinhomadeira@camara.leg.br,Exmo. Senhor Deputado,
Enéias Reis ,dep.eneiasreis@camara.leg.br,Exmo. Senhor Deputado,@DepEneiasReis
Enio Verri ,dep.enioverri@camara.leg.br,Exmo. Senhor Deputado,@enioverri
Enrico Misasi ,dep.enricomisasi@camara.leg.br,Exmo. Senhor Deputado,@enricomisasi
Erika Kokay ,dep.erikakokay@camara.leg.br,Exma. Senhora Deputada,@erikakokay
Eros Biondini ,dep.erosbiondini@camara.leg.br,Exmo. Senhor Deputado,@erosbiondini
Euclydes Pettersen ,dep.euclydespettersen@camara.leg.br,Exmo. Senhor Deputado,@EuclydesPetter
Evair Vieira de Melo ,dep.evairvieirademelo@camara.leg.br,Exmo. Senhor Deputado,@EvairdeMelo
Expedito Netto ,dep.expeditonetto@camara.leg.br,Exmo. Senhor Deputado,@roman_evandro
Fábio Henrique ,dep.fabiohenrique@camara.leg.br,Exmo. Senhor Deputado,@FabioHenriqueSE
Fábio Mitidieri ,dep.fabiomitidieri@camara.leg.br,Exmo. Senhor Deputado,@depfmitidieri
Fábio Ramalho ,dep.fabioramalho@camara.leg.br,Exmo. Senhor Deputado,@_FabinhoRamalho
Fabio Reis ,dep.fabioreis@camara.leg.br,Exmo. Senhor Deputado,@fabioreis1515
Fabio Schiochet ,dep.fabioschiochet@camara.leg.br,Exmo. Senhor Deputado,
Fábio Trad ,dep.fabiotrad@camara.leg.br,Exmo. Senhor Deputado,@f_trad
Fausto Pinato ,dep.faustopinato@camara.leg.br,Exmo. Senhor Deputado,@Fausto_Pinato
Felício Laterça ,dep.feliciolaterca@camara.leg.br,Exmo. Senhor Deputado,
Felipe Carreras ,dep.felipecarreras@camara.leg.br,Exmo. Senhor Deputado,@felipecarreras
Felipe Francischini ,dep.felipefrancischini@camara.leg.br,Exmo. Senhor Deputado,@FFrancischini_
Felipe Rigoni ,dep.feliperigoni@camara.leg.br,Exmo. Senhor Deputado,@rigoni_felipe
Félix Mendonça Júnior ,dep.felixmendoncajunior@camara.leg.br,Exmo. Senhor Deputado,@FelixMendoncaJr
Fernanda Melchionna ,dep.fernandamelchionna@camara.leg.br,Exma. Senhora Deputada,@fernandapsol
Fernando Coelho Filho ,dep.fernandocoelhofilho@camara.leg.br,Exmo. Senhor Deputado,@FBCFilho
Fernando Monteiro ,dep.fernandomonteiro@camara.leg.br,Exmo. Senhor Deputado,@fmonteiroPE
Fernando Rodolfo ,dep.fernandorodolfo@camara.leg.br,Exmo. Senhor Deputado,
Filipe Barros ,dep.filipebarros@camara.leg.br,Exmo. Senhor Deputado,@filipebarrost
Flávia Arruda ,dep.flaviaarruda@camara.leg.br,Exma. Senhora Deputada,@FlaviaArrudaDF
Flávia Morais ,dep.flaviamorais@camara.leg.br,Exma. Senhora Deputada,@depflaviamorais
Flaviano Melo ,dep.flavianomelo@camara.leg.br,Exmo. Senhor Deputado,@Flaviano_Melo
Flávio Nogueira ,dep.flavionogueira@camara.leg.br,Exmo. Senhor Deputado,@flavionoguera
Flordelis ,dep.flordelis@camara.leg.br,Exma. Senhora Deputada,@Flordelismk
Francisco Jr. ,dep.franciscojr@camara.leg.br,Exmo. Senhor Deputado,@franciscojr_go
Franco Cartafina ,dep.francocartafina@camara.leg.br,Exmo. Senhor Deputado,@FrancoCartafina
Fred Costa ,dep.fredcosta@camara.leg.br,Exmo. Senhor Deputado,@FredCosta5133
Frei Anastacio Ribeiro ,dep.freianastacioribeiro@camara.leg.br,Exmo. Senhor Deputado,@freianastaciopt
Gastão Vieira ,dep.gastaovieira@camara.leg.br,Exmo. Senhor Deputado,@gastaodvieira
Gelson Azevedo ,dep.gelsonazevedo@camara.leg.br,Exmo. Senhor Deputado,
Genecias Noronha ,dep.geneciasnoronha@camara.leg.br,Exmo. Senhor Deputado,@DepGenecias
General Girão ,dep.generalgirao@camara.leg.br,Exmo. Senhor Deputado,@GeneralGirao
General Peternelli ,dep.generalpeternelli@camara.leg.br,Exmo. Senhor Deputado,@GenPeternelli
Geninho Zuliani ,dep.geninhozuliani@camara.leg.br,Exmo. Senhor Deputado,@geninhozuliani
Geovania de Sá ,dep.geovaniadesa@camara.leg.br,Exma. Senhora Deputada,@geovaniadesa
Gervásio Maia ,dep.gervasiomaia@camara.leg.br,Exmo. Senhor Deputado,@gervasiomaia
Giacobo ,dep.giacobo@camara.leg.br,Exmo. Senhor Deputado,@fernandogiacobo
Gil Cutrim ,dep.gilcutrim@camara.leg.br,Exmo. Senhor Deputado,@gilcutrim
Gilberto Abramo ,dep.gilbertoabramo@camara.leg.br,Exmo. Senhor Deputado,@gilbertoabramo
Gilberto Nascimento ,dep.gilbertonascimento@camara.leg.br,Exmo. Senhor Deputado,@GilbertoPSC20
Gilson Marques ,dep.gilsonmarques@camara.leg.br,Exmo. Senhor Deputado,@gilsonmarques30
Giovani Cherini ,dep.giovanicherini@camara.leg.br,Exmo. Senhor Deputado,@giovanicherini
Giovani Feltes ,dep.giovanifeltes@camara.leg.br,Exmo. Senhor Deputado,@GiovaniFeltes
Glauber Braga ,dep.glauberbraga@camara.leg.br,Exmo. Senhor Deputado,@Glauber_Braga
Glaustin da Fokus,dep.glaustindafokus@camara.leg.br,Exmo. Senhor Deputado,@glaustinfokus
Gleisi Hoffmann ,dep.gleisihoffmann@camara.leg.br,Exma. Senhora Deputada,@gleisi
Gonzaga Patriota ,dep.gonzagapatriota@camara.leg.br,Exmo. Senhor Deputado,
Greyce Elias ,dep.greyceelias@camara.leg.br,Exma. Senhora Deputada,
Guiga Peixoto ,dep.guigapeixoto@camara.leg.br,Exmo. Senhor Deputado,@zeguilherme_10
Guilherme Derrite ,dep.guilhermederrite@camara.leg.br,Exmo. Senhor Deputado,@GuilhermeMussi
Guilherme Mussi ,dep.guilhermemussi@camara.leg.br,Exmo. Senhor Deputado,@GuilhermeMussi
Gurgel ,dep.gurgel@camara.leg.br,Exmo. Senhor Deputado,@GurgelSoares
Gustavo Fruet ,dep.gustavofruet@camara.leg.br,Exmo. Senhor Deputado,@gustavofruet
Gustinho Ribeiro ,dep.gustinhoribeiro@camara.leg.br,Exmo. Senhor Deputado,@GustinhoRibeiro
Gutemberg Reis ,dep.gutembergreis@camara.leg.br,Exmo. Senhor Deputado,@guth_reis
Haroldo Cathedral ,dep.haroldocathedral@camara.leg.br,Exmo. Senhor Deputado,
Heitor Freire ,dep.heitorfreire@camara.leg.br,Exmo. Senhor Deputado,@HeitorFreireCE
Heitor Schuch ,dep.heitorschuch@camara.leg.br,Exmo. Senhor Deputado,@HeitorSchuch
Helder Salomão ,dep.heldersalomao@camara.leg.br,Exmo. Senhor Deputado,@heldersalomao
Hélio Costa ,dep.heliocosta@camara.leg.br,Exmo. Senhor Deputado,
Hélio Leite ,dep.helioleite@camara.leg.br,Exmo. Senhor Deputado,@h_leite
Helio Lopes ,dep.heliolopes@camara.leg.br,Exmo. Senhor Deputado,@depheliolopes
Henrique Fontana ,dep.henriquefontana@camara.leg.br,Exmo. Senhor Deputado,@HenriqueFontana
Hercílio Coelho Diniz ,dep.herciliocoelhodiniz@camara.leg.br,Exmo. Senhor Deputado,
Herculano Passos ,dep.herculanopassos@camara.leg.br,Exmo. Senhor Deputado,@herculanopassos
Hermes Parcianello ,dep.hermesparcianello@camara.leg.br,Exmo. Senhor Deputado,@HermesLaranja
Hildo Rocha ,dep.hildorocha@camara.leg.br,Exmo. Senhor Deputado,@hildorocha1513
Hiran Gonçalves ,dep.hirangoncalves@camara.leg.br,Exmo. Senhor Deputado,@deputadohiran
Hugo Leal ,dep.hugoleal@camara.leg.br,Exmo. Senhor Deputado,@depHugoLeal
Hugo Motta ,dep.hugomotta@camara.leg.br,Exmo. Senhor Deputado,@HugoMottaPB
Idilvan Alencar ,dep.idilvanalencar@camara.leg.br,Exmo. Senhor Deputado,@IdilvanAlencar
Igor Kannário ,dep.igorkannario@camara.leg.br,Exmo. Senhor Deputado,@Igor_Kannario
Igor Timo ,dep.igortimo@camara.leg.br,Exmo. Senhor Deputado,@oficialigortimo
Iracema Portella ,dep.iracemaportella@camara.leg.br,Exma. Senhora Deputada,@iracemaportela
Isnaldo Bulhões Jr. ,dep.isnaldobulhoesjr@camara.leg.br,Exmo. Senhor Deputado,@bulhoesjr
Ivan Valente ,dep.ivanvalente@camara.leg.br,Exmo. Senhor Deputado,@IvanValente
Jandira Feghali ,dep.jandirafeghali@camara.leg.br,Exma. Senhora Deputada,@jandira_feghali
Jaqueline Cassol ,dep.jaquelinecassol@camara.leg.br,Exma. Senhora Deputada,@jqcassol
Jefferson Campos ,dep.jeffersoncampos@camara.leg.br,Exmo. Senhor Deputado,@DepJefferson
Jerônimo Goergen ,dep.jeronimogoergen@camara.leg.br,Exmo. Senhor Deputado,@jeronimogoergen
Jéssica Sales ,dep.jessicasales@camara.leg.br,Exma. Senhora Deputada,
Jesus Sérgio ,dep.jesussergio@camara.leg.br,Exmo. Senhor Deputado,
Jhc,dep.jhc@camara.leg.br,Exmo. Senhor Deputado,@JHC_40
Jhonatan de Jesus ,dep.jhonatandejesus@camara.leg.br,Exmo. Senhor Deputado,@jhonatan_djesus
João Campos ,dep.joaocampos@camara.leg.br,Exmo. Senhor Deputado,@joaocamposdep
João Carlos Bacelar ,dep.joaocarlosbacelar@camara.leg.br,Exmo. Senhor Deputado,
João Daniel ,dep.joaodaniel@camara.leg.br,Exmo. Senhor Deputado,@depjoaodanielpt
João H. Campos ,dep.joaohcampos@camara.leg.br,Exmo. Senhor Deputado,@JoaoCampos
João Maia ,dep.joaomaia@camara.leg.br,Exmo. Senhor Deputado,@depjoaomaia
João Marcelo Souza ,dep.joaomarcelosouza@camara.leg.br,Exmo. Senhor Deputado,
João Roma ,dep.joaoroma@camara.leg.br,Exmo. Senhor Deputado,@joaoromaneto
Joaquim Passarinho ,dep.joaquimpassarinho@camara.leg.br,Exmo. Senhor Deputado,@depjpassarinho
Joenia Wapichana ,dep.joeniawapichana@camara.leg.br,Exma. Senhora Deputada,@JoeniaWapichana
Joice Hasselmann ,dep.joicehasselmann@camara.leg.br,Exma. Senhora Deputada,@joicehasselmann
Jorge Braz ,dep.jorgebraz@camara.leg.br,Exmo. Senhor Deputado,@Jorge_Braz
Jorge Solla ,dep.jorgesolla@camara.leg.br,Exmo. Senhor Deputado,@depjorgesolla
José Airton Félix Cirilo ,dep.joseairtonfelixcirilo@camara.leg.br,Exmo. Senhor Deputado,@JoseAirtonPT
José Guimarães ,dep.joseguimaraes@camara.leg.br,Exmo. Senhor Deputado,@guimaraes13PT
Jose Mario Schreiner ,dep.josemarioschreiner@camara.leg.br,Exmo. Senhor Deputado,@SchreinerJose
José Medeiros ,dep.josemedeiros@camara.leg.br,Exmo. Senhor Deputado,@JoseMedeirosMT
José Nelto ,dep.josenelto@camara.leg.br,Exmo. Senhor Deputado,@depjosenelto
José Nunes ,dep.josenunes@camara.leg.br,Exmo. Senhor Deputado,@JoseNunesDep
José Priante ,dep.josepriante@camara.leg.br,Exmo. Senhor Deputado,@priante
José Ricardo ,dep.josericardo@camara.leg.br,Exmo. Senhor Deputado,@ZeRicardoAM
José Rocha ,dep.joserocha@camara.leg.br,Exmo. Senhor Deputado,
Joseildo Ramos ,dep.joseildoramos@camara.leg.br,Exmo. Senhor Deputado,
Josimar Maranhãozinho ,dep.josimarmaranhaozinho@camara.leg.br,Exmo. Senhor Deputado,
Juarez Costa ,dep.juarezcosta@camara.leg.br,Exmo. Senhor Deputado,
Julian Lemos ,dep.julianlemos@camara.leg.br,Exmo. Senhor Deputado,@LemosFederal
Júlio Cesar ,dep.juliocesar@camara.leg.br,Exmo. Senhor Deputado,@DepJulioCesarPI
Julio Cesar Ribeiro ,dep.juliocesarribeiro@camara.leg.br,Exmo. Senhor Deputado,@JulioCesarRib
Júlio Delgado ,dep.juliodelgado@camara.leg.br,Exmo. Senhor Deputado,@depjuliodelgado
Juninho do Pneu ,dep.juninhodopneu@camara.leg.br,Exmo. Senhor Deputado,@JuninhodoPneu
Junio Amaral ,dep.junioamaral@camara.leg.br,Exmo. Senhor Deputado,@cabojunioamaral
Júnior Ferrari ,dep.juniorferrari@camara.leg.br,Exmo. Senhor Deputado,
Júnior Mano ,dep.juniormano@camara.leg.br,Exmo. Senhor Deputado,@JuniorManoDep
Juscelino Filho ,dep.juscelinofilho@camara.leg.br,Exmo. Senhor Deputado,@DepJuscelino
Kim Kataguiri ,dep.kimkataguiri@camara.leg.br,Exmo. Senhor Deputado,@kimpkat
Laercio Oliveira ,dep.laerciooliveira@camara.leg.br,Exmo. Senhor Deputado,@LaercioFederal
Lafayette de Andrada ,dep.lafayettedeandrada@camara.leg.br,Exmo. Senhor Deputado,@lafayetteandrad
Lauriete ,dep.lauriete@camara.leg.br,Exma. Senhora Deputada,@laurietecantora
Leandre ,dep.leandre@camara.leg.br,Exma. Senhora Deputada,@leandredaideal
Leda Sadala ,dep.ledasadala@camara.leg.br,Exma. Senhora Deputada,@LedaSadala
Léo Moraes ,dep.leomoraes@camara.leg.br,Exmo. Senhor Deputado,@Dep_LeoMoraes
Léo Motta ,dep.leomotta@camara.leg.br,Exmo. Senhor Deputado,@leomotta_ofc
Leonardo Monteiro ,dep.leonardomonteiro@camara.leg.br,Exmo. Senhor Deputado,@depleomonteiro
Leônidas Cristino ,dep.leonidascristino@camara.leg.br,Exmo. Senhor Deputado,@joseleonidas
Leur Lomanto Júnior ,dep.leurlomantojunior@camara.leg.br,Exmo. Senhor Deputado,@LeurLomantoJr
Lídice da Mata ,dep.lidicedamata@camara.leg.br,Exma. Senhora Deputada,@lidicedamata
Lincoln Portela ,dep.lincolnportela@camara.leg.br,Exmo. Senhor Deputado,@lincoln_portela
Liziane Bayer ,dep.lizianebayer@camara.leg.br,Exma. Senhora Deputada,@LizianeBayer
Loester Trutis ,dep.loestertrutis@camara.leg.br,Exmo. Senhor Deputado,@LTrutis
Lourival Gomes ,dep.lourivalgomes@camara.leg.br,Exmo. Senhor Deputado,@LourivalGomesrj
Lucas Gonzalez ,dep.lucasgonzalez@camara.leg.br,Exmo. Senhor Deputado,@lucasvgonzalez
Lucas Redecker ,dep.lucasredecker@camara.leg.br,Exmo. Senhor Deputado,@LucasRedecker
Lucas Vergilio ,dep.lucasvergilio@camara.leg.br,Exmo. Senhor Deputado,@VergilioLucas77
Luciano Bivar ,dep.lucianobivar@camara.leg.br,Exmo. Senhor Deputado,@Bivar1717
Luciano Ducci ,dep.lucianoducci@camara.leg.br,Exmo. Senhor Deputado,@LucianoDucci
Lucio Mosquini ,dep.luciomosquini@camara.leg.br,Exmo. Senhor Deputado,@luciomosquini
Luis Miranda ,dep.luismiranda@camara.leg.br,Exmo. Senhor Deputado,@LuisMirandaUSA1
Luis Tibé ,dep.luistibe@camara.leg.br,Exmo. Senhor Deputado,@LuisTibeOficial
Luisa Canziani ,dep.luisacanziani@camara.leg.br,Exma. Senhora Deputada,@luisa_canziani
Luiz Antônio Corrêa ,dep.luizantoniocorrea@camara.leg.br,Exmo. Senhor Deputado,@drluizantoniojr
Luiz Carlos ,dep.luizcarlos@camara.leg.br,Exmo. Senhor Deputado,@lcm_motta
Luiz Carlos Motta ,dep.luizcarlosmotta@camara.leg.br,Exmo. Senhor Deputado,@lcm_motta
Luiz Lima ,dep.luizlima@camara.leg.br,Exmo. Senhor Deputado,@Oficialluizlima
Luiz Nishimori ,dep.luiznishimori@camara.leg.br,Exmo. Senhor Deputado,@LuizNishimori
Luiz Philippe de Orleans e Bragança ,dep.luizphilippedeorleansebraganca@camara.leg.br,Exmo. Senhor Deputado,@lpbragancabr
Luiza Erundina ,dep.luizaerundina@camara.leg.br,Exma. Senhora Deputada,@luizaerundina
Luizão Goulart ,dep.luizaogoulart@camara.leg.br,Exmo. Senhor Deputado,@luizaogoulart
Luizianne Lins ,dep.luiziannelins@camara.leg.br,Exma. Senhora Deputada,@Luizianne13PT
Magda Mofatto ,dep.magdamofatto@camara.leg.br,Exma. Senhora Deputada,@Magdamofatto
Major Fabiana ,dep.majorfabiana@camara.leg.br,Exma. Senhora Deputada,@majorfabianadep
Manuel Marcos ,dep.manuelmarcos@camara.leg.br,Exmo. Senhor Deputado,
Mara Rocha ,dep.mararocha@camara.leg.br,Exma. Senhora Deputada,@mararocha4545
Marcão Gomes ,dep.marcaogomes@camara.leg.br,Exmo. Senhor Deputado,
Marcel van Hattem,dep.marcelvanhattem@camara.leg.br,Exmo. Senhor Deputado,@marcelvanhattem
Marcelo Aro ,dep.marceloaro@camara.leg.br,Exmo. Senhor Deputado,@marceloaro
Marcelo Brum ,dep.marcelobrum@camara.leg.br,Exmo. Senhor Deputado,
Marcelo Calero ,dep.marcelocalero@camara.leg.br,Exmo. Senhor Deputado,@caleromarcelo
Marcelo Freixo ,dep.marcelofreixo@camara.leg.br,Exmo. Senhor Deputado,@MarceloFreixo
Marcelo Moraes ,dep.marcelomoraes@camara.leg.br,Exmo. Senhor Deputado,
Marcelo Nilo ,dep.marcelonilo@camara.leg.br,Exmo. Senhor Deputado,@depmarcelonilo
Marcelo Ramos ,dep.marceloramos@camara.leg.br,Exmo. Senhor Deputado,@marceloramosam
Marcio Alvino ,dep.marcioalvino@camara.leg.br,Exmo. Senhor Deputado,@AlvinoMarcio
Márcio Biolchi ,dep.marciobiolchi@camara.leg.br,Exmo. Senhor Deputado,@marciobiolchi
Márcio Jerry ,dep.marciojerry@camara.leg.br,Exmo. Senhor Deputado,@marciojerry
Márcio Labre ,dep.marciolabre@camara.leg.br,Exmo. Senhor Deputado,@marciolabre
Márcio Marinho ,dep.marciomarinho@camara.leg.br,Exmo. Senhor Deputado,@dpmarciomarinho
Marco Bertaiolli ,dep.marcobertaiolli@camara.leg.br,Exmo. Senhor Deputado,@MarcoBertaiolli
Marcon ,dep.marcon@camara.leg.br,Exmo. Senhor Deputado,@depmarcon
Marcos Aurélio Sampaio ,dep.marcosaureliosampaio@camara.leg.br,Exmo. Senhor Deputado,@MarcosA_Sampaio
Marcos Pereira ,dep.marcospereira@camara.leg.br,Exmo. Senhor Deputado,@marcospereira04
Margarete Coelho ,dep.margaretecoelho@camara.leg.br,Exma. Senhora Deputada,@MargaretCoelho
Margarida Salomão ,dep.margaridasalomao@camara.leg.br,Exma. Senhora Deputada,@JFMargarida
Maria do Rosário ,dep.mariadorosario@camara.leg.br,Exma. Senhora Deputada,@mariadorosario
Maria Rosas ,dep.mariarosas@camara.leg.br,Exma. Senhora Deputada,@mariarosassp
Mariana Carvalho ,dep.marianacarvalho@camara.leg.br,Exma. Senhora Deputada,@DeputadaMariana
Marília Arraes ,dep.mariliaarraes@camara.leg.br,Exma. Senhora Deputada,@MariliaArraes
Marina Santos ,dep.marinasantos@camara.leg.br,Exma. Senhora Deputada,
Mário Heringer ,dep.marioheringer@camara.leg.br,Exmo. Senhor Deputado,@mario_heringer
Mário Negromonte Jr. ,dep.marionegromontejr@camara.leg.br,Exmo. Senhor Deputado,@depnegromontejr
Marlon Santos ,dep.marlonsantos@camara.leg.br,Exmo. Senhor Deputado,@deputado_marlon
Marreca Filho ,dep.marrecafilho@camara.leg.br,Exmo. Senhor Deputado,@depmarrecafilho
Marx Beltrão ,dep.marxbeltrao@camara.leg.br,Exmo. Senhor Deputado,@marxbeltrao
Maurício Dziedricki ,dep.mauriciodziedricki@camara.leg.br,Exmo. Senhor Deputado,@mauricioptbrs
Mauro Benevides Filho ,dep.maurobenevidesfilho@camara.leg.br,Exmo. Senhor Deputado,@mauro_bfilho
Mauro Lopes ,dep.maurolopes@camara.leg.br,Exmo. Senhor Deputado,@depmaurolopes
Mauro Nazif ,dep.mauronazif@camara.leg.br,Exmo. Senhor Deputado,@drmauronazif
Merlong Solano ,dep.merlongsolano@camara.leg.br,Exmo. Senhor Deputado,
Miguel Lombardi ,dep.miguellombardi@camara.leg.br,Exmo. Senhor Deputado,@Dmiguellombardi
Milton Vieira ,dep.miltonvieira@camara.leg.br,Exmo. Senhor Deputado,@MiltonVieiraOfc
Misael Varella ,dep.misaelvarella@camara.leg.br,Exmo. Senhor Deputado,
Moses Rodrigues ,dep.mosesrodrigues@camara.leg.br,Exmo. Senhor Deputado,@DepFederalMoses
Natália Bonavides ,dep.nataliabonavides@camara.leg.br,Exma. Senhora Deputada,@natbonavides
Nelson Barbudo ,dep.nelsonbarbudo@camara.leg.br,Exmo. Senhor Deputado,@nelsonbarbudo
Nereu Crispim ,dep.nereucrispim@camara.leg.br,Exmo. Senhor Deputado,@nereucrispim
Neri Geller ,dep.nerigeller@camara.leg.br,Exmo. Senhor Deputado,@NeriGeller
Newton Cardoso Jr ,dep.newtoncardosojr@camara.leg.br,Exmo. Senhor Deputado,@newton1510
Ney Leprevost ,dep.neyleprevost@camara.leg.br,Exmo. Senhor Deputado,
Nicoletti ,dep.nicoletti@camara.leg.br,Exmo. Senhor Deputado,@depnicoletti
Nilson Pinto ,dep.nilsonpinto@camara.leg.br,Exmo. Senhor Deputado,@DepNilsonPinto
Nilto Tatto ,dep.niltotatto@camara.leg.br,Exmo. Senhor Deputado,@NiltoTatto
Nivaldo Albuquerque ,dep.nivaldoalbuquerque@camara.leg.br,Exmo. Senhor Deputado,@NivaldoAlbuque
Norma Ayub ,dep.normaayub@camara.leg.br,Exma. Senhora Deputada,
Odair Cunha ,dep.odaircunha@camara.leg.br,Exmo. Senhor Deputado,@odaircunhamg
Olival Marques ,dep.olivalmarques@camara.leg.br,Exmo. Senhor Deputado,@OLIVALMARQUES
Orlando Silva ,dep.orlandosilva@camara.leg.br,Exmo. Senhor Deputado,@orlandosilva
Osires Damaso ,dep.osiresdamaso@camara.leg.br,Exmo. Senhor Deputado,@OrDamaso
Osmar Terra ,dep.osmarterra@camara.leg.br,Exmo. Senhor Deputado,@OsmarTerra
Ossesio Silva ,dep.ossesiosilva@camara.leg.br,Exmo. Senhor Deputado,@Ossesio_Silva
Otoni de Paula ,dep.otonidepaula@camara.leg.br,Exmo. Senhor Deputado,@OtoniDepFederal
Ottaci Nascimento,dep.ottacinascimento@camara.leg.br,Exmo. Senhor Deputado,
Otto Alencar Filho ,dep.ottoalencarfilho@camara.leg.br,Exmo. Senhor Deputado,@ottoalencar
Padre João ,dep.padrejoao@camara.leg.br,Exmo. Senhor Deputado,@dep_padrejoao
Pastor Eurico ,dep.pastoreurico@camara.leg.br,Exmo. Senhor Deputado,@DEPPASTOREURICO
Pastor Gil,dep.pastorgil@camara.leg.br,Exmo. Senhor Deputado,
Pastor Sargento Isidório ,dep.pastorsargentoisidorio@camara.leg.br,Exmo. Senhor Deputado,@prisidorio
Patrus Ananias ,dep.patrusananias@camara.leg.br,Exmo. Senhor Deputado,@Patrus_Ananias
Paula Belmonte ,dep.paulabelmonte@camara.leg.br,Exma. Senhora Deputada,@paulambelmonte
Paulão ,dep.paulao@camara.leg.br,Exmo. Senhor Deputado,@paulaodopt
Paulo Abi-Ackel,dep.pauloabiackel@camara.leg.br,Exmo. Senhor Deputado,@pauloabiackel
Paulo Azi ,dep.pauloazi@camara.leg.br,Exmo. Senhor Deputado,@PauloAzi
Paulo Bengtson ,dep.paulobengtson@camara.leg.br,Exmo. Senhor Deputado,@PauloBengtson
Paulo Eduardo Martins ,dep.pauloeduardomartins@camara.leg.br,Exmo. Senhor Deputado,@PauloMartins10
Paulo Freire Costa ,dep.paulofreirecosta@camara.leg.br,Exmo. Senhor Deputado,@DF_PauloFreire
Paulo Ganime ,dep.pauloganime@camara.leg.br,Exmo. Senhor Deputado,@pauloganime
Paulo Guedes ,dep.pauloguedes@camara.leg.br,Exmo. Senhor Deputado,@deppauloguedes
Paulo Magalhães ,dep.paulomagalhaes@camara.leg.br,Exmo. Senhor Deputado,
Paulo Marinho Jr ,dep.paulomarinhojr@camara.leg.br,Exmo. Senhor Deputado,
Paulo Pereira da Silva ,dep.paulopereiradasilva@camara.leg.br,Exmo. Senhor Deputado,@dep_paulinho
Paulo Pimenta ,dep.paulopimenta@camara.leg.br,Exmo. Senhor Deputado,@DeputadoFederal
Paulo Ramos ,dep.pauloramos@camara.leg.br,Exmo. Senhor Deputado,@pauloramosdep
Paulo Teixeira ,dep.pauloteixeira@camara.leg.br,Exmo. Senhor Deputado,@pauloteixeira13
Pedro Augusto Bezerra ,dep.pedroaugustobezerra@camara.leg.br,Exmo. Senhor Deputado,@PedroAugusto_CE
Pedro Cunha Lima ,dep.pedrocunhalima@camara.leg.br,Exmo. Senhor Deputado,@pedroocl
Pedro Lucas Fernandes ,dep.pedrolucasfernandes@camara.leg.br,Exmo. Senhor Deputado,@depPedroLucasF
Pedro Lupion ,dep.pedrolupion@camara.leg.br,Exmo. Senhor Deputado,@Dep_PedroLupion
Pedro Paulo ,dep.pedropaulo@camara.leg.br,Exmo. Senhor Deputado,@pedropaulo
Pedro Uczai ,dep.pedrouczai@camara.leg.br,Exmo. Senhor Deputado,@uczai
Pedro Westphalen ,dep.pedrowestphalen@camara.leg.br,Exmo. Senhor Deputado,@pedrowestphalen
Perpétua Almeida ,dep.perpetuaalmeida@camara.leg.br,Exma. Senhora Deputada,@perpetua_acre
Pinheirinho ,dep.pinheirinho@camara.leg.br,Exmo. Senhor Deputado,@pinheirinhomg
Policial Katia Sastre ,dep.policialkatiasastre@camara.leg.br,Exma. Senhora Deputada,@KatiaSastre
Pompeo de Mattos ,dep.pompeodemattos@camara.leg.br,Exmo. Senhor Deputado,@PompeodeMattos
Pr. Marco Feliciano ,dep.pr.marcofeliciano@camara.leg.br,Exmo. Senhor Deputado,@marcofeliciano
Professor Alcides ,dep.professoralcides@camara.leg.br,Exmo. Senhor Deputado,
Professor Israel Batista ,dep.professorisraelbatista@camara.leg.br,Exmo. Senhor Deputado,@ProfIsrael
Professor Joziel ,dep.professorjoziel@camara.leg.br,Exmo. Senhor Deputado,@professorjoziel
Professora Dayane Pimentel ,dep.professoradayanepimentel@camara.leg.br,Exma. Senhora Deputada,@deppimentel
Professora Dorinha Seabra Rezende ,dep.professoradorinhaseabrarezende@camara.leg.br,Exma. Senhora Deputada,@profdorinha
Professora Marcivania ,dep.professoramarcivania@camara.leg.br,Exma. Senhora Deputada,@marcivania65
Professora Rosa Neide ,dep.professorarosaneide@camara.leg.br,Exma. Senhora Deputada,@prof_rosaneide
Rafael Motta ,dep.rafaelmotta@camara.leg.br,Exmo. Senhor Deputado,@RafaelMottaRN
Raimundo Costa ,dep.raimundocosta@camara.leg.br,Exmo. Senhor Deputado,
Raul Henry ,dep.raulhenry@camara.leg.br,Exmo. Senhor Deputado,@RaulHenry
Reginaldo Lopes ,dep.reginaldolopes@camara.leg.br,Exmo. Senhor Deputado,@ReginaldoLopes
Rejane Dias ,dep.rejanedias@camara.leg.br,Exma. Senhora Deputada,@rejane_dias
Renildo Calheiros ,dep.renildocalheiros@camara.leg.br,Exmo. Senhor Deputado,@renildo
Ricardo Barros ,dep.ricardobarros@camara.leg.br,Exmo. Senhor Deputado,@RicardoBarrosPP
Ricardo Guidi ,dep.ricardoguidi@camara.leg.br,Exmo. Senhor Deputado,@ricardozguidi
Ricardo Izar ,dep.ricardoizar@camara.leg.br,Exmo. Senhor Deputado,@RicardoIzar
Ricardo Silva,dep.ricardosilva@camara.leg.br,Exmo. Senhor Deputado,
Ricardo Teobaldo ,dep.ricardoteobaldo@camara.leg.br,Exmo. Senhor Deputado,@PSDBricardo45
Robério Monteiro ,dep.roberiomonteiro@camara.leg.br,Exmo. Senhor Deputado,
Roberto Alves ,dep.robertoalves@camara.leg.br,Exmo. Senhor Deputado,@RobertoAlvesPRB
Roberto de Lucena ,dep.robertodelucena@camara.leg.br,Exmo. Senhor Deputado,@robertodelucena
Rodrigo Agostinho ,dep.rodrigoagostinho@camara.leg.br,Exmo. Senhor Deputado,@rodrigoagost
Rodrigo Coelho ,dep.rodrigocoelho@camara.leg.br,Exmo. Senhor Deputado,@coelho_rodrigo
Rodrigo de Castro ,dep.rodrigodecastro@camara.leg.br,Exmo. Senhor Deputado,@RodrigoCastro45
Rodrigo Maia ,dep.rodrigomaia@camara.leg.br,Exmo. Senhor Deputado,@RodrigoMaia
Rogério Correia ,dep.rogeriocorreia@camara.leg.br,Exmo. Senhor Deputado,@RogerioCorreia_
Rogério Peninha Mendonça ,dep.rogeriopeninhamendonca@camara.leg.br,Exmo. Senhor Deputado,@deputadopeninha
Roman ,dep.roman@camara.leg.br,Exmo. Senhor Deputado,
Ronaldo Carletto ,dep.ronaldocarletto@camara.leg.br,Exmo. Senhor Deputado,@ronaldocarletto
Ronaldo Martins ,dep.ronaldomartins@camara.leg.br,Exmo. Senhor Deputado,
Rosana Valle ,dep.rosanavalle@camara.leg.br,Exma. Senhora Deputada,@DepRosanaValle
Rosangela Gomes ,dep.rosangelagomes@camara.leg.br,Exma. Senhora Deputada,@rosangelasgomes
Rose Modesto ,dep.rosemodesto@camara.leg.br,Exma. Senhora Deputada,@rosemodestoms
Rubens Bueno ,dep.rubensbueno@camara.leg.br,Exmo. Senhor Deputado,@23rubensbueno
Rubens Otoni ,dep.rubensotoni@camara.leg.br,Exmo. Senhor Deputado,@RubensOtoni
Rui Falcão ,dep.ruifalcao@camara.leg.br,Exmo. Senhor Deputado,@rfalcao13
Ruy Carneiro ,dep.ruycarneiro@camara.leg.br,Exmo. Senhor Deputado,@depruycarneiro
Sâmia Bomfim ,dep.samiabomfim@camara.leg.br,Exma. Senhora Deputada,@samiabomfim
Samuel Moreira ,dep.samuelmoreira@camara.leg.br,Exmo. Senhor Deputado,@samuelmoreira
Sanderson ,dep.sanderson@camara.leg.br,Exmo. Senhor Deputado,@DepSanderson
Santini ,dep.santini@camara.leg.br,Exmo. Senhor Deputado,@dep_santini
Sargento Fahur ,dep.sargentofahur@camara.leg.br,Exmo. Senhor Deputado,@SargentoFAHUR
Schiavinato ,dep.schiavinato@camara.leg.br,Exmo. Senhor Deputado,@Schiavinato_
Sebastião Oliveira ,dep.sebastiaooliveira@camara.leg.br,Exmo. Senhor Deputado,@SebaOliveirajr
Sérgio Brito ,dep.sergiobrito@camara.leg.br,Exmo. Senhor Deputado,
Sergio Souza ,dep.sergiosouza@camara.leg.br,Exmo. Senhor Deputado,@_sergiosouza
Sergio Toledo ,dep.sergiotoledo@camara.leg.br,Exmo. Senhor Deputado,@depsergiotoledo
Sergio Vidigal ,dep.sergiovidigal@camara.leg.br,Exmo. Senhor Deputado,@vidigalsergio
Severino Pessoa ,dep.severinopessoa@camara.leg.br,Exmo. Senhor Deputado,
Shéridan ,dep.sheridan@camara.leg.br,Exma. Senhora Deputada,@DepSheridan
Sidney Leite ,dep.sidneyleite@camara.leg.br,Exmo. Senhor Deputado,@sidneyleite_
Silas Câmara ,dep.silascamara@camara.leg.br,Exmo. Senhor Deputado,@silascamara_
Silvia Cristina ,dep.silviacristina@camara.leg.br,Exma. Senhora Deputada,
Silvio Costa Filho ,dep.silviocostafilho@camara.leg.br,Exmo. Senhor Deputado,@Silvio_CFilho
Soraya Santos ,dep.sorayasantos@camara.leg.br,Exma. Senhora Deputada,@sorayasantos
Sóstenes Cavalcante ,dep.sostenescavalcante@camara.leg.br,Exmo. Senhor Deputado,@DepSostenes
Stefano Aguiar ,dep.stefanoaguiar@camara.leg.br,Exmo. Senhor Deputado,@depstefano
Subtenente Gonzaga ,dep.subtenentegonzaga@camara.leg.br,Exmo. Senhor Deputado,@SubGonzagaMG
Tabata Amaral ,dep.tabataamaral@camara.leg.br,Exma. Senhora Deputada,@tabataamaralsp
Tadeu Alencar ,dep.tadeualencar@camara.leg.br,Exmo. Senhor Deputado,
Tadeu Filippelli,dep.tadeufilippelli@camara.leg.br,Exmo. Senhor Deputado,
Talíria Petrone ,dep.taliriapetrone@camara.leg.br,Exma. Senhora Deputada,@taliriapetrone
Ted Conti ,dep.tedconti@camara.leg.br,Exmo. Senhor Deputado,@tedcontioficial
Tereza Nelma ,dep.terezanelma@camara.leg.br,Exma. Senhora Deputada,@TerezaNelma_
Tiago Dimas ,dep.tiagodimas@camara.leg.br,Exmo. Senhor Deputado,@tiago_dimas
Tiago Mitraud ,dep.tiagomitraud@camara.leg.br,Exmo. Senhor Deputado,@TiagoMitraud
Tiririca ,dep.tiririca@camara.leg.br,Exmo. Senhor Deputado,@tiriricanaweb
Toninho Wandscheer ,dep.toninhowandscheer@camara.leg.br,Exmo. Senhor Deputado,@deputadotoninho
Túlio Gadêlha ,dep.tuliogadelha@camara.leg.br,Exmo. Senhor Deputado,@tuliogadelha
Uldurico Junior ,dep.ulduricojunior@camara.leg.br,Exmo. Senhor Deputado,
Valdevan Noventa ,dep.valdevannoventa@camara.leg.br,Exmo. Senhor Deputado,@ValdevanNoventa
Valmir Assunção ,dep.valmirassuncao@camara.leg.br,Exmo. Senhor Deputado,@DepValmir
Vander Loubet ,dep.vanderloubet@camara.leg.br,Exmo. Senhor Deputado,@vanderloubet
Vanderlei Macris ,dep.vanderleimacris@camara.leg.br,Exmo. Senhor Deputado,@vanderleimacris
Vavá Martins ,dep.vavamartins@camara.leg.br,Exmo. Senhor Deputado,@vavamartinspa
Vermelho ,dep.vermelho@camara.leg.br,Exmo. Senhor Deputado,@TerezaNelma_
Vicentinho ,dep.vicentinho@camara.leg.br,Exmo. Senhor Deputado,@VICENTINHOPT
Vicentinho Júnior ,dep.vicentinhojunior@camara.leg.br,Exmo. Senhor Deputado,@vicentinhojr
Vilson da Fetaemg ,dep.vilsondafetaemg@camara.leg.br,Exmo. Senhor Deputado,
Vinicius Carvalho ,dep.viniciuscarvalho@camara.leg.br,Exmo. Senhor Deputado,@falecomvinicius
Vinicius Farah ,dep.viniciusfarah@camara.leg.br,Exmo. Senhor Deputado,@Vinicius_Farah
Vinicius Gurgel ,dep.viniciusgurgel@camara.leg.br,Exmo. Senhor Deputado,
Vinicius Poit ,dep.viniciuspoit@camara.leg.br,Exmo. Senhor Deputado,@ViniciusPoit
Vitor Hugo ,dep.vitorhugo@camara.leg.br,Exmo. Senhor Deputado,@MajorVitorHugo
Vitor Lippi ,dep.vitorlippi@camara.leg.br,Exmo. Senhor Deputado,@DepVitorLippi
Waldenor Pereira ,dep.waldenorpereira@camara.leg.br,Exmo. Senhor Deputado,@waldenorpereira
Walter Alves ,dep.walteralves@camara.leg.br,Exmo. Senhor Deputado,@walteralvesrn
Weliton Prado ,dep.welitonprado@camara.leg.br,Exmo. Senhor Deputado,@pradoweliton
Wellington Roberto ,dep.wellingtonroberto@camara.leg.br,Exmo. Senhor Deputado,@wr22
Wilson Santiago ,dep.wilsonsantiago@camara.leg.br,Exmo. Senhor Deputado,@WilsonSantiago_
Wladimir Garotinho ,dep.wladimirgarotinho@camara.leg.br,Exmo. Senhor Deputado,@WladGarotinho
Wolney Queiroz ,dep.wolneyqueiroz@camara.leg.br,Exmo. Senhor Deputado,@WolneyQueirozM
Zé Carlos ,dep.zecarlos@camara.leg.br,Exmo. Senhor Deputado,@Dep_ZeCarlosPT
Zé Neto ,dep.zeneto@camara.leg.br,Exmo. Senhor Deputado,@ZeMarioGO
Zé Silva ,dep.zesilva@camara.leg.br,Exmo. Senhor Deputado,@depzeneto
Zé Vitor ,dep.zevitor@camara.leg.br,Exmo. Senhor Deputado,@ZeSilva_
Zeca Dirceu ,dep.zecadirceu@camara.leg.br,Exmo. Senhor Deputado,@zeca_dirceu